Building Name,Archetype,Scenario,Wall-U,Roof-U,Window-U,LPD,Heating Setpoint,Annual Energy Consumption
Apart B,Otel,Baseline,1.429,2.984,3.4,4.0,24,382390.6
Apart B,Otel,S1,0.3,0.3,0.8,1.5,21,400793.6
Apart B,Otel,S2,0.3,0.3,0.8,1.5,22,415607.78
Apart B,Otel,S3,0.3,0.3,0.8,1.5,23,430268.75
Apart B,Otel,S4,0.3,0.3,0.8,2.0,21,398853.6
Apart B,Otel,S5,0.3,0.3,0.8,2.0,22,413586.25
Apart B,Otel,S6,0.3,0.3,0.8,2.0,23,427688.22
Apart B,Otel,S7,0.3,0.3,0.8,2.5,21,396417.7
Apart B,Otel,S8,0.3,0.3,0.8,2.5,22,411605.7
Apart B,Otel,S9,0.3,0.3,0.8,2.5,23,425317.9
Apart B,Otel,S10,0.3,0.3,1.0,1.5,21,403466.0
Apart B,Otel,S11,0.3,0.3,1.0,1.5,22,417936.8
Apart B,Otel,S12,0.3,0.3,1.0,1.5,23,432307.06
Apart B,Otel,S13,0.3,0.3,1.0,2.0,21,402215.2
Apart B,Otel,S14,0.3,0.3,1.0,2.0,22,415855.8
Apart B,Otel,S15,0.3,0.3,1.0,2.0,23,429223.62
Apart B,Otel,S16,0.3,0.3,1.0,2.5,21,400368.44
Apart B,Otel,S17,0.3,0.3,1.0,2.5,22,413657.22
Apart B,Otel,S18,0.3,0.3,1.0,2.5,23,426731.12
Apart B,Otel,S19,0.3,0.3,1.2,1.5,21,407836.72
Apart B,Otel,S20,0.3,0.3,1.2,1.5,22,420032.06
Apart B,Otel,S21,0.3,0.3,1.2,1.5,23,434631.4
Apart B,Otel,S22,0.3,0.3,1.2,2.0,21,406359.97
Apart B,Otel,S23,0.3,0.3,1.2,2.0,22,417194.97
Apart B,Otel,S24,0.3,0.3,1.2,2.0,23,430959.9
Apart B,Otel,S25,0.3,0.3,1.2,2.5,21,404211.97
Apart B,Otel,S26,0.3,0.3,1.2,2.5,22,415308.0
Apart B,Otel,S27,0.3,0.3,1.2,2.5,23,427889.5
Apart B,Otel,S28,0.3,0.7,0.8,1.5,21,431807.75
Apart B,Otel,S29,0.3,0.7,0.8,1.5,22,449473.5
Apart B,Otel,S30,0.3,0.7,0.8,1.5,23,461194.3
Apart B,Otel,S31,0.3,0.7,0.8,2.0,21,428092.78
Apart B,Otel,S32,0.3,0.7,0.8,2.0,22,447029.66
Apart B,Otel,S33,0.3,0.7,0.8,2.0,23,459752.25
Apart B,Otel,S34,0.3,0.7,0.8,2.5,21,424623.12
Apart B,Otel,S35,0.3,0.7,0.8,2.5,22,444156.53
Apart B,Otel,S36,0.3,0.7,0.8,2.5,23,458966.6
Apart B,Otel,S37,0.3,0.7,1.0,1.5,21,434268.2
Apart B,Otel,S38,0.3,0.7,1.0,1.5,22,453684.66
Apart B,Otel,S39,0.3,0.7,1.0,1.5,23,460093.53
Apart B,Otel,S40,0.3,0.7,1.0,2.0,21,430451.12
Apart B,Otel,S41,0.3,0.7,1.0,2.0,22,450220.8
Apart B,Otel,S42,0.3,0.7,1.0,2.0,23,457948.66
Apart B,Otel,S43,0.3,0.7,1.0,2.5,21,426694.1
Apart B,Otel,S44,0.3,0.7,1.0,2.5,22,446529.56
Apart B,Otel,S45,0.3,0.7,1.0,2.5,23,456208.38
Apart B,Otel,S46,0.3,0.7,1.2,1.5,21,437023.75
Apart B,Otel,S47,0.3,0.7,1.2,1.5,22,456294.1
Apart B,Otel,S48,0.3,0.7,1.2,1.5,23,458266.2
Apart B,Otel,S49,0.3,0.7,1.2,2.0,21,432420.16
Apart B,Otel,S50,0.3,0.7,1.2,2.0,22,452048.88
Apart B,Otel,S51,0.3,0.7,1.2,2.0,23,456022.4
Apart B,Otel,S52,0.3,0.7,1.2,2.5,21,429901.5
Apart B,Otel,S53,0.3,0.7,1.2,2.5,22,447797.56
Apart B,Otel,S54,0.3,0.7,1.2,2.5,23,453770.88
Apart B,Otel,S55,0.6,0.3,0.8,1.5,21,379072.62
Apart B,Otel,S56,0.6,0.3,0.8,1.5,22,396304.0
Apart B,Otel,S57,0.6,0.3,0.8,1.5,23,411355.66
Apart B,Otel,S58,0.6,0.3,0.8,2.0,21,375702.12
Apart B,Otel,S59,0.6,0.3,0.8,2.0,22,393827.8
Apart B,Otel,S60,0.6,0.3,0.8,2.0,23,409224.22
Apart B,Otel,S61,0.6,0.3,0.8,2.5,21,372555.47
Apart B,Otel,S62,0.6,0.3,0.8,2.5,22,390883.3
Apart B,Otel,S63,0.6,0.3,0.8,2.5,23,406836.44
Apart B,Otel,S64,0.6,0.3,1.0,1.5,21,380695.47
Apart B,Otel,S65,0.6,0.3,1.0,1.5,22,398010.56
Apart B,Otel,S66,0.6,0.3,1.0,1.5,23,412837.66
Apart B,Otel,S67,0.6,0.3,1.0,2.0,21,377766.5
Apart B,Otel,S68,0.6,0.3,1.0,2.0,22,395432.06
Apart B,Otel,S69,0.6,0.3,1.0,2.0,23,410479.56
Apart B,Otel,S70,0.6,0.3,1.0,2.5,21,375365.7
Apart B,Otel,S71,0.6,0.3,1.0,2.5,22,391835.44
Apart B,Otel,S72,0.6,0.3,1.0,2.5,23,408134.7
Apart B,Otel,S73,0.6,0.3,1.2,1.5,21,383070.84
Apart B,Otel,S74,0.6,0.3,1.2,1.5,22,399739.7
Apart B,Otel,S75,0.6,0.3,1.2,1.5,23,412852.2
Apart B,Otel,S76,0.6,0.3,1.2,2.0,21,380611.16
Apart B,Otel,S77,0.6,0.3,1.2,2.0,22,395963.16
Apart B,Otel,S78,0.6,0.3,1.2,2.0,23,410940.4
Apart B,Otel,S79,0.6,0.3,1.2,2.5,21,378211.28
Apart B,Otel,S80,0.6,0.3,1.2,2.5,22,392315.44
Apart B,Otel,S81,0.6,0.3,1.2,2.5,23,408938.38
Apart B,Otel,S82,0.6,0.7,0.8,1.5,21,407994.6
Apart B,Otel,S83,0.6,0.7,0.8,1.5,22,429359.34
Apart B,Otel,S84,0.6,0.7,0.8,1.5,23,439669.47
Apart B,Otel,S85,0.6,0.7,0.8,2.0,21,404556.06
Apart B,Otel,S86,0.6,0.7,0.8,2.0,22,425730.4
Apart B,Otel,S87,0.6,0.7,0.8,2.0,23,438806.5
Apart B,Otel,S88,0.6,0.7,0.8,2.5,21,401152.12
Apart B,Otel,S89,0.6,0.7,0.8,2.5,22,422005.75
Apart B,Otel,S90,0.6,0.7,0.8,2.5,23,437571.9
Apart B,Otel,S91,0.6,0.7,1.0,1.5,21,409411.3
Apart B,Otel,S92,0.6,0.7,1.0,1.5,22,430339.94
Apart B,Otel,S93,0.6,0.7,1.0,1.5,23,437174.62
Apart B,Otel,S94,0.6,0.7,1.0,2.0,21,406105.97
Apart B,Otel,S95,0.6,0.7,1.0,2.0,22,426592.2
Apart B,Otel,S96,0.6,0.7,1.0,2.0,23,436300.0
Apart B,Otel,S97,0.6,0.7,1.0,2.5,21,402582.84
Apart B,Otel,S98,0.6,0.7,1.0,2.5,22,422798.9
Apart B,Otel,S99,0.6,0.7,1.0,2.5,23,434284.12
Apart B,Otel,S100,0.6,0.7,1.2,1.5,21,410540.1
Apart B,Otel,S101,0.6,0.7,1.2,1.5,22,429432.56
Apart B,Otel,S102,0.6,0.7,1.2,1.5,23,434534.78
Apart B,Otel,S103,0.6,0.7,1.2,2.0,21,406739.34
Apart B,Otel,S104,0.6,0.7,1.2,2.0,22,426944.06
Apart B,Otel,S105,0.6,0.7,1.2,2.0,23,432671.94
Apart B,Otel,S106,0.6,0.7,1.2,2.5,21,404071.53
Apart B,Otel,S107,0.6,0.7,1.2,2.5,22,423183.0
Apart B,Otel,S108,0.6,0.7,1.2,2.5,23,430464.94
Apart B,Otel,S109,0.9,0.3,0.8,1.5,21,360841.84
Apart B,Otel,S110,0.9,0.3,0.8,1.5,22,378917.6
Apart B,Otel,S111,0.9,0.3,0.8,1.5,23,394554.6
Apart B,Otel,S112,0.9,0.3,0.8,2.0,21,358007.22
Apart B,Otel,S113,0.9,0.3,0.8,2.0,22,376020.44
Apart B,Otel,S114,0.9,0.3,0.8,2.0,23,392936.97
Apart B,Otel,S115,0.9,0.3,0.8,2.5,21,354861.12
Apart B,Otel,S116,0.9,0.3,0.8,2.5,22,373127.5
Apart B,Otel,S117,0.9,0.3,0.8,2.5,23,390564.62
Apart B,Otel,S118,0.9,0.3,1.0,1.5,21,361372.1
Apart B,Otel,S119,0.9,0.3,1.0,1.5,22,379684.56
Apart B,Otel,S120,0.9,0.3,1.0,1.5,23,393929.88
Apart B,Otel,S121,0.9,0.3,1.0,2.0,21,358699.5
Apart B,Otel,S122,0.9,0.3,1.0,2.0,22,376651.84
Apart B,Otel,S123,0.9,0.3,1.0,2.0,23,392150.06
Apart B,Otel,S124,0.9,0.3,1.0,2.5,21,356750.8
Apart B,Otel,S125,0.9,0.3,1.0,2.5,22,373113.4
Apart B,Otel,S126,0.9,0.3,1.0,2.5,23,389336.25
Apart B,Otel,S127,0.9,0.3,1.2,1.5,21,362248.8
Apart B,Otel,S128,0.9,0.3,1.2,1.5,22,377583.88
Apart B,Otel,S129,0.9,0.3,1.2,1.5,23,390258.53
Apart B,Otel,S130,0.9,0.3,1.2,2.0,21,360509.47
Apart B,Otel,S131,0.9,0.3,1.2,2.0,22,374379.03
Apart B,Otel,S132,0.9,0.3,1.2,2.0,23,389183.6
Apart B,Otel,S133,0.9,0.3,1.2,2.5,21,358638.4
Apart B,Otel,S134,0.9,0.3,1.2,2.5,22,371479.2
Apart B,Otel,S135,0.9,0.3,1.2,2.5,23,387361.78
Apart B,Otel,S136,0.9,0.7,0.8,1.5,21,386762.4
Apart B,Otel,S137,0.9,0.7,0.8,1.5,22,408166.72
Apart B,Otel,S138,0.9,0.7,0.8,1.5,23,418636.56
Apart B,Otel,S139,0.9,0.7,0.8,2.0,21,383648.2
Apart B,Otel,S140,0.9,0.7,0.8,2.0,22,404963.47
Apart B,Otel,S141,0.9,0.7,0.8,2.0,23,416744.94
Apart B,Otel,S142,0.9,0.7,0.8,2.5,21,380571.94
Apart B,Otel,S143,0.9,0.7,0.8,2.5,22,401810.28
Apart B,Otel,S144,0.9,0.7,0.8,2.5,23,414630.9
Apart B,Otel,S145,0.9,0.7,1.0,1.5,21,388697.78
Apart B,Otel,S146,0.9,0.7,1.0,1.5,22,408793.0
Apart B,Otel,S147,0.9,0.7,1.0,1.5,23,414435.56
Apart B,Otel,S148,0.9,0.7,1.0,2.0,21,385592.06
Apart B,Otel,S149,0.9,0.7,1.0,2.0,22,405678.84
Apart B,Otel,S150,0.9,0.7,1.0,2.0,23,412561.47
Apart B,Otel,S151,0.9,0.7,1.0,2.5,21,382609.9
Apart B,Otel,S152,0.9,0.7,1.0,2.5,22,402689.4
Apart B,Otel,S153,0.9,0.7,1.0,2.5,23,410482.25
Apart B,Otel,S154,0.9,0.7,1.2,1.5,21,390036.28
Apart B,Otel,S155,0.9,0.7,1.2,1.5,22,405668.84
Apart B,Otel,S156,0.9,0.7,1.2,1.5,23,410599.38
Apart B,Otel,S157,0.9,0.7,1.2,2.0,21,387049.12
Apart B,Otel,S158,0.9,0.7,1.2,2.0,22,403648.2
Apart B,Otel,S159,0.9,0.7,1.2,2.0,23,408801.0
Apart B,Otel,S160,0.9,0.7,1.2,2.5,21,384575.84
Apart B,Otel,S161,0.9,0.7,1.2,2.5,22,401530.7
Apart B,Otel,S162,0.9,0.7,1.2,2.5,23,406704.7
